id,first_name,last_name,email,gender
1,Kerrill,Byk,kbyk0@feedburner.com,Male
2,Monica,Brickell,mbrickell1@xrea.com,Male
3,Janel,Yesinin,jyesinin2@flickr.com,Female
4,Natale,Studart,nstudart3@joomla.org,Female
5,Kikelia,Beagles,kbeagles4@cargocollective.com,Female
6,Annamarie,Brunt,abrunt5@barnesandnoble.com,Female
7,Jock,Cuddehy,jcuddehy6@exblog.jp,Male
8,Sven,De Rechter,sderechter7@sfgate.com,Female
9,Aldus,Robbey,arobbey8@booking.com,Agender
10,Leonerd,Lowles,llowles9@t.co,Female
11,Maurise,Vanyakin,mvanyakina@free.fr,Male
12,Rodge,Gobourn,rgobournb@dot.gov,Male
13,Laraine,Schieferstein,lschiefersteinc@ed.gov,Female
14,Kurt,Carlsen,kcarlsend@issuu.com,Female
15,Kendricks,Baiyle,kbaiylee@nbcnews.com,Agender
16,Sallee,Colliss,scollissf@patch.com,Female
17,Elise,Rawnsley,erawnsleyg@dailymail.co.uk,Female
18,Ford,Berget,fbergeth@blinklist.com,Male
19,Isahella,Littledyke,ilittledykei@cocolog-nifty.com,Female
20,Hetty,Tasseler,htasselerj@yolasite.com,Male
21,Andria,Paylie,apayliek@abc.net.au,Male
22,Jillie,Hadgkiss,jhadgkissl@xinhuanet.com,Female
23,Marijn,Jacqueminot,mjacqueminotm@csmonitor.com,Male
24,Rowland,Paddle,rpaddlen@si.edu,Male
25,Ev,Willingham,ewillinghamo@twitpic.com,Female
26,Nicholas,Grestie,ngrestiep@devhub.com,Male
27,Patsy,Tokley,ptokleyq@engadget.com,Female
28,Carling,Fogg,cfoggr@cnn.com,Male
29,Timmy,Leonardi,tleonardis@techcrunch.com,Male
30,Whit,O'Donnell,wodonnellt@hubpages.com,Female
31,Marv,Laurenceau,mlaurenceauu@mac.com,Male
32,Charmion,Denziloe,cdenziloev@cbc.ca,Female
33,Reynolds,Hassey,rhasseyw@devhub.com,Male
34,Cooper,Goosnell,cgoosnellx@nytimes.com,Female
35,Dorie,Corragan,dcorragany@sfgate.com,Female
36,Ariel,Leverson,aleversonz@seattletimes.com,Male
37,Giacobo,Bain,gbain10@redcross.org,Female
38,Addia,Petruska,apetruska11@bandcamp.com,Male
39,Ardyth,Veasey,aveasey12@flickr.com,Female
40,Rochette,Munford,rmunford13@51.la,Bigender
41,Delly,Waulker,dwaulker14@zdnet.com,Male
42,Dori,Stollman,dstollman15@loc.gov,Male
43,Fairfax,Skoggings,fskoggings16@ezinearticles.com,Female
44,Abagael,Tankin,atankin17@ucla.edu,Female
45,Emmery,Bonelle,ebonelle18@hp.com,Male
46,Nicola,Ledner,nledner19@oakley.com,Male
47,Corly,Dewdney,cdewdney1a@google.pl,Female
48,Arlinda,Klossek,aklossek1b@ihg.com,Male
49,Delly,Munson,dmunson1c@nymag.com,Male
50,Etheline,Lethcoe,elethcoe1d@bigcartel.com,Male
51,Otha,Marshalleck,omarshalleck1e@whitehouse.gov,Female
52,Neville,Bendley,nbendley1f@fda.gov,Female
53,Kristofer,Camus,kcamus1g@mapquest.com,Male
54,Alina,Everest,aeverest1h@princeton.edu,Female
55,Joshia,Meekin,jmeekin1i@friendfeed.com,Male
56,Pasquale,Glazebrook,pglazebrook1j@bandcamp.com,Female
57,Grady,Pirolini,gpirolini1k@cnbc.com,Female
58,Fields,Stovin,fstovin1l@cisco.com,Agender
59,Umeko,Gorrie,ugorrie1m@telegraph.co.uk,Female
60,Clotilda,Chastenet,cchastenet1n@rambler.ru,Female
61,Arnaldo,Bover,abover1o@123-reg.co.uk,Female
62,Cecile,McCuish,cmccuish1p@istockphoto.com,Female
63,Creigh,Sture,csture1q@indiegogo.com,Male
64,Elsinore,Yuryaev,eyuryaev1r@wisc.edu,Male
65,Brock,Paice,bpaice1s@loc.gov,Female
66,Haydon,Crufts,hcrufts1t@phpbb.com,Female
67,Casandra,Perotti,cperotti1u@aol.com,Female
68,Alisha,Gridley,agridley1v@yahoo.com,Male
69,Penny,McKinstry,pmckinstry1w@who.int,Male
70,Mag,Fladgate,mfladgate1x@squarespace.com,Male
71,Brandon,Dignall,bdignall1y@google.cn,Female
72,Albert,Ife,aife1z@soundcloud.com,Male
73,Eyde,Ector,eector20@ft.com,Female
74,Giustina,Genthner,ggenthner21@homestead.com,Female
75,Pinchas,Bales,pbales22@mediafire.com,Female
76,Sheila-kathryn,Gilffillan,sgilffillan23@newsvine.com,Female
77,Haze,Coop,hcoop24@tumblr.com,Female
78,Melinda,Gadsby,mgadsby25@flickr.com,Male
79,Sada,Lowdes,slowdes26@admin.ch,Male
80,Ameline,Scholte,ascholte27@examiner.com,Male
81,Verna,Allebone,vallebone28@foxnews.com,Female
82,Nappy,Geany,ngeany29@twitpic.com,Female
83,Ellis,Osbidston,eosbidston2a@house.gov,Male
84,Cherry,Cristofori,ccristofori2b@cafepress.com,Female
85,Sullivan,De Haven,sdehaven2c@zdnet.com,Female
86,Ethelda,Gresham,egresham2d@patch.com,Female
87,Sheena,Trippick,strippick2e@microsoft.com,Agender
88,Camey,Lipman,clipman2f@dyndns.org,Male
89,Ty,Cabedo,tcabedo2g@shareasale.com,Male
90,Dayna,Dalley,ddalley2h@spotify.com,Male
91,Natalya,Iredell,niredell2i@taobao.com,Female
92,Auberta,Wealthall,awealthall2j@nba.com,Male
93,Barnie,Brabon,bbrabon2k@zdnet.com,Bigender
94,Frederico,Latta,flatta2l@umich.edu,Female
95,Lynea,Hadfield,lhadfield2m@netlog.com,Male
96,Emilee,Bulpitt,ebulpitt2n@behance.net,Agender
97,Isidoro,Grissett,igrissett2o@mozilla.com,Female
98,Shanda,Kenner,skenner2p@businesswire.com,Female
99,Ardyth,Saunders,asaunders2q@bbc.co.uk,Bigender
100,Drud,Blakeley,dblakeley2r@illinois.edu,Female
101,Pepi,Coxwell,pcoxwell2s@mac.com,Female
102,Bryna,Dytham,bdytham2t@disqus.com,Non-binary
103,Tabitha,Zute,tzute2u@slate.com,Male
104,Traci,Dukesbury,tdukesbury2v@nydailynews.com,Male
105,Wally,Arnaudi,warnaudi2w@marriott.com,Male
106,Melicent,Hardin,mhardin2x@spotify.com,Female
107,Adelaide,Hercock,ahercock2y@indiatimes.com,Male
108,Esme,Guyonnet,eguyonnet2z@jalbum.net,Female
109,Duke,Parkey,dparkey30@t.co,Male
110,Rosco,Zorn,rzorn31@google.com,Female
111,Noak,Reiners,nreiners32@4shared.com,Female
112,Beatriz,Waterhous,bwaterhous33@dropbox.com,Male
113,Jeannette,Flipsen,jflipsen34@mozilla.com,Female
114,Gabriel,Volk,gvolk35@jugem.jp,Female
115,Kippy,Smedmore,ksmedmore36@stanford.edu,Female
116,Felipa,Robbeke,frobbeke37@storify.com,Female
117,Pauline,Husbands,phusbands38@princeton.edu,Genderfluid
118,Marianne,Blaise,mblaise39@auda.org.au,Female
119,Dulcine,Donneely,ddonneely3a@dropbox.com,Female
120,Cherise,Mil,cmil3b@icio.us,Male
121,Leyla,Widdop,lwiddop3c@quantcast.com,Female
122,Karina,Averies,kaveries3d@eepurl.com,Female
123,Ruthi,Orrin,rorrin3e@gravatar.com,Female
124,Hilton,Ruggen,hruggen3f@acquirethisname.com,Female
125,Janene,Franceschi,jfranceschi3g@sina.com.cn,Female
126,Kally,Fancutt,kfancutt3h@washington.edu,Female
127,Lorianne,Staveley,lstaveley3i@com.com,Male
128,Ryan,Rheubottom,rrheubottom3j@google.fr,Female
129,Tildie,Stainer,tstainer3k@ucla.edu,Female
130,Herculie,Klugman,hklugman3l@google.ca,Female
131,Tanney,Burge,tburge3m@issuu.com,Female
132,Jimmie,Kaman,jkaman3n@cargocollective.com,Bigender
133,Noach,Dagg,ndagg3o@uol.com.br,Female
134,Maxy,Burgyn,mburgyn3p@webnode.com,Male
135,Ros,Lakeman,rlakeman3q@europa.eu,Female
136,Noell,Jellyman,njellyman3r@indiatimes.com,Male
137,Kiley,Leif,kleif3s@dedecms.com,Female
138,Kiah,Ribou,kribou3t@ning.com,Male
139,Ileane,Mousdall,imousdall3u@digg.com,Female
140,Pyotr,Balasin,pbalasin3v@twitpic.com,Non-binary
141,Rey,Leamon,rleamon3w@feedburner.com,Male
142,Alessandra,Browning,abrowning3x@goo.ne.jp,Female
143,Pinchas,Schoenrock,pschoenrock3y@disqus.com,Male
144,Torin,Rocca,trocca3z@psu.edu,Female
145,Kassi,Merrgen,kmerrgen40@sogou.com,Female
146,Dar,Kwiek,dkwiek41@cornell.edu,Female
147,Ketti,Sollas,ksollas42@google.cn,Female
148,Cornie,Remmer,cremmer43@ocn.ne.jp,Male
149,Conan,Duchatel,cduchatel44@4shared.com,Male
150,Thoma,Olczyk,tolczyk45@hostgator.com,Female
151,Udale,Grisenthwaite,ugrisenthwaite46@pen.io,Female
152,Jamill,Goldstein,jgoldstein47@booking.com,Male
153,Kirstin,Hurford,khurford48@elegantthemes.com,Male
154,Codi,Folli,cfolli49@edublogs.org,Bigender
155,Haroun,Muldoon,hmuldoon4a@lycos.com,Female
156,Tammie,Tunder,ttunder4b@twitpic.com,Male
157,Doris,Aspland,daspland4c@example.com,Female
158,Collin,Mycroft,cmycroft4d@ifeng.com,Female
159,Sheff,Yanez,syanez4e@people.com.cn,Male
160,Kinsley,Threlkeld,kthrelkeld4f@spiegel.de,Male
161,Tania,Bensley,tbensley4g@alexa.com,Female
162,Susanetta,Coey,scoey4h@google.ca,Female
163,Eddie,Burwood,eburwood4i@google.nl,Male
164,Orson,Iacovolo,oiacovolo4j@com.com,Female
165,Alvis,Doniso,adoniso4k@qq.com,Female
166,Kaycee,Caldwall,kcaldwall4l@123-reg.co.uk,Female
167,Mateo,Matsell,mmatsell4m@ycombinator.com,Male
168,Rudd,Dupey,rdupey4n@state.gov,Female
169,Muriel,Itzhaiek,mitzhaiek4o@youku.com,Male
170,Raf,Brede,rbrede4p@youku.com,Male
171,Cam,Aveline,caveline4q@cloudflare.com,Male
172,Morgana,Sansbury,msansbury4r@bigcartel.com,Male
173,Harriett,Caulliere,hcaulliere4s@tmall.com,Male
174,Malinda,Seger,mseger4t@go.com,Female
175,Kerrill,Beeden,kbeeden4u@dyndns.org,Non-binary
176,Marylee,Tither,mtither4v@dyndns.org,Female
177,Jillane,Hazel,jhazel4w@google.de,Male
178,Mal,Rainey,mrainey4x@xinhuanet.com,Polygender
179,Benton,Falconar,bfalconar4y@yellowbook.com,Female
180,Whitby,Glass,wglass4z@shinystat.com,Female
181,Jessa,Behnecke,jbehnecke50@desdev.cn,Male
182,Sigismundo,McKeady,smckeady51@de.vu,Male
183,Shelagh,Steade,ssteade52@economist.com,Male
184,Daryle,Farrer,dfarrer53@dot.gov,Female
185,Loren,Houliston,lhouliston54@upenn.edu,Male
186,Laverna,De Malchar,ldemalchar55@jigsy.com,Male
187,Yancey,Walter,ywalter56@mapy.cz,Genderqueer
188,Gunar,Shillabeare,gshillabeare57@dyndns.org,Female
189,Willy,MacNeilage,wmacneilage58@wix.com,Female
190,Waldo,Elkington,welkington59@yandex.ru,Male
191,Farly,Willcot,fwillcot5a@tinypic.com,Female
192,Hayes,Coldbreath,hcoldbreath5b@earthlink.net,Male
193,Kippar,Plumridege,kplumridege5c@mapy.cz,Male
194,Sully,Whalley,swhalley5d@admin.ch,Male
195,Adam,Lavielle,alavielle5e@constantcontact.com,Male
196,Micheal,Boni,mboni5f@last.fm,Male
197,Vern,Morena,vmorena5g@goodreads.com,Female
198,Rosanne,Yakunikov,ryakunikov5h@webs.com,Female
199,Tabby,O' Mulderrig,tomulderrig5i@epa.gov,Female
200,Elisa,Mayling,emayling5j@oracle.com,Male
